<?xml version="1.0" encoding="UTF-8" standalone="yes" ?>
<cp:coreProperties xmlns:cp="http://schemas.openxmlformats.org/package/2006/metadata/core-properties" xmlns:dc="http://purl.org/dc/elements/1.1/" xmlns:dcmitype="http://purl.org/dc/dcmitype/" xmlns:dcterms="http://purl.org/dc/terms/" xmlns:xsi="http://www.w3.org/2001/XMLSchema-instance">
  <cp:category>Project</cp:category>
  <dcterms:created xsi:type="dcterms:W3CDTF">2024-02-04T04:47:48Z</dcterms:created>
  <dc:creator>itsom</dc:creator>
  <dc:description>This example is the reference model to be used by participants of the MathWorks Minidrone Competition. It demonstrates how Simulink(R) is used to model the PARROT Mambo Minidrone. The algorithm can be directly deployed on the Parrot Mambo hardware using the Simulink Support Package for Parrot Minidrones.</dc:description>
  <cp:lastModifiedBy>itsom</cp:lastModifiedBy>
  <dcterms:modified xsi:type="dcterms:W3CDTF">2024-02-04T04:47:48Z</dcterms:modified>
  <dc:title>MinidroneCompetition</dc:title>
</cp:coreProperties>
