<?xml version="1.0" encoding="UTF-8" standalone="yes" ?>
<fileEntries xmlns="http://schemas.mathworks.com/package/2013/filesystemManifest" createdByEncoding="UTF-8" createdByPlatform="win64" version="2.0">
  <fileEntry content="/fsroot/MinidroneCompetition.prj" date="2024-02-03T15:59:14Z" name="/MinidroneCompetition.prj" permissions="010666" type="File"/>
  <fileEntry content="/fsroot/controller/flightControlSystem.slx" date="2024-02-04T04:46:41Z" name="/controller/flightControlSystem.slx" permissions="010666" type="File"/>
  <fileEntry content="/fsroot/libraries/dynamicsLibrary.slx" date="2023-11-04T06:23:48Z" name="/libraries/dynamicsLibrary.slx" permissions="010666" type="File"/>
  <fileEntry content="/fsroot/libraries/environmentLibrary.slx" date="2023-11-04T06:23:48Z" name="/libraries/environmentLibrary.slx" permissions="010666" type="File"/>
  <fileEntry content="/fsroot/linearAirframe/linearAirframe.slx" date="2023-11-04T06:23:48Z" name="/linearAirframe/linearAirframe.slx" permissions="010666" type="File"/>
  <fileEntry content="/fsroot/linearAirframe/linearizedAirframe.mat" date="2023-11-04T06:23:48Z" name="/linearAirframe/linearizedAirframe.mat" permissions="010666" type="File"/>
  <fileEntry content="/fsroot/linearAirframe/trimLinearizeOpPoint.m" date="2023-11-04T06:23:48Z" name="/linearAirframe/trimLinearizeOpPoint.m" permissions="010666" type="File"/>
  <fileEntry content="/fsroot/linearAirframe/trimNonlinearAirframe.slx" date="2023-11-04T06:23:48Z" name="/linearAirframe/trimNonlinearAirframe.slx" permissions="010666" type="File"/>
  <fileEntry content="/fsroot/mainModels/Position_Attitude_Reference.mat" date="2023-11-04T06:23:48Z" name="/mainModels/Position_Attitude_Reference.mat" permissions="010666" type="File"/>
  <fileEntry content="/fsroot/mainModels/Position_Reference.mat" date="2023-11-04T06:23:48Z" name="/mainModels/Position_Reference.mat" permissions="010666" type="File"/>
  <fileEntry content="/fsroot/mainModels/cmdData.mat" date="2023-11-04T06:23:48Z" name="/mainModels/cmdData.mat" permissions="010666" type="File"/>
  <fileEntry content="/fsroot/mainModels/cmdData.xlsx" date="2023-11-04T06:23:48Z" name="/mainModels/cmdData.xlsx" permissions="010666" type="File"/>
  <fileEntry content="/fsroot/mainModels/modelParrot.mat" date="2023-11-04T06:23:48Z" name="/mainModels/modelParrot.mat" permissions="010666" type="File"/>
  <fileEntry content="/fsroot/mainModels/parrotMinidroneCompetition.slx" date="2024-02-04T04:46:42Z" name="/mainModels/parrotMinidroneCompetition.slx" permissions="010666" type="File"/>
  <fileEntry content="/fsroot/mainModels/sensorCalibration.mat" date="2023-11-04T06:23:48Z" name="/mainModels/sensorCalibration.mat" permissions="010666" type="File"/>
  <fileEntry content="/fsroot/nonlinearAirframe/nonlinearAirframe.slx" date="2023-11-04T06:23:48Z" name="/nonlinearAirframe/nonlinearAirframe.slx" permissions="010666" type="File"/>
  <fileEntry content="/fsroot/support/LICENSE.md" date="2023-11-04T06:23:48Z" name="/support/LICENSE.md" permissions="010666" type="File"/>
  <fileEntry content="/fsroot/support/MWAerial.png" date="2023-11-04T06:23:48Z" name="/support/MWAerial.png" permissions="010666" type="File"/>
  <fileEntry content="/fsroot/support/arena.wrl" date="2024-02-04T03:16:38Z" name="/support/arena.wrl" permissions="010666" type="File"/>
  <fileEntry content="/fsroot/support/arena_tmpl.wrl" date="2023-11-04T06:23:48Z" name="/support/arena_tmpl.wrl" permissions="010666" type="File"/>
  <fileEntry content="/fsroot/support/asbQuadcopterAH1-4.wrl" date="2023-11-04T06:23:48Z" name="/support/asbQuadcopterAH1-4.wrl" permissions="010666" type="File"/>
  <fileEntry content="/fsroot/support/asbQuadcopterAH3.wrl" date="2023-11-04T06:23:48Z" name="/support/asbQuadcopterAH3.wrl" permissions="010666" type="File"/>
  <fileEntry content="/fsroot/support/asbQuadcopterAHBase.wrl" date="2023-11-04T06:23:48Z" name="/support/asbQuadcopterAHBase.wrl" permissions="010666" type="File"/>
  <fileEntry content="/fsroot/support/asbQuadcopterBladeCCW.wrl" date="2023-11-04T06:23:48Z" name="/support/asbQuadcopterBladeCCW.wrl" permissions="010666" type="File"/>
  <fileEntry content="/fsroot/support/asbQuadcopterBladeCW.wrl" date="2023-11-04T06:23:48Z" name="/support/asbQuadcopterBladeCW.wrl" permissions="010666" type="File"/>
  <fileEntry content="/fsroot/support/asbQuadcopterBody.wrl" date="2023-11-04T06:23:48Z" name="/support/asbQuadcopterBody.wrl" permissions="010666" type="File"/>
  <fileEntry content="/fsroot/support/asbQuadcopterWorld.wrl" date="2023-11-04T06:23:48Z" name="/support/asbQuadcopterWorld.wrl" permissions="010666" type="File"/>
  <fileEntry content="/fsroot/support/asbWaypointMarker.wrl" date="2023-11-04T06:23:48Z" name="/support/asbWaypointMarker.wrl" permissions="010666" type="File"/>
  <fileEntry content="/fsroot/support/texture/MW_logo_transp.gif" date="2023-11-04T06:23:48Z" name="/support/texture/MW_logo_transp.gif" permissions="010666" type="File"/>
  <fileEntry content="/fsroot/support/texture/MathWorks_logo.png" date="2023-11-04T06:23:48Z" name="/support/texture/MathWorks_logo.png" permissions="010666" type="File"/>
  <fileEntry content="/fsroot/support/texture/gravel.jpg" date="2023-11-04T06:23:48Z" name="/support/texture/gravel.jpg" permissions="010666" type="File"/>
  <fileEntry content="/fsroot/tasks/asbBusDefinitionCommand.m" date="2023-11-04T06:23:48Z" name="/tasks/asbBusDefinitionCommand.m" permissions="010666" type="File"/>
  <fileEntry content="/fsroot/tasks/asbBusDefinitionEnvironment.m" date="2023-11-04T06:23:48Z" name="/tasks/asbBusDefinitionEnvironment.m" permissions="010666" type="File"/>
  <fileEntry content="/fsroot/tasks/asbBusDefinitionSensors.m" date="2023-11-04T06:23:48Z" name="/tasks/asbBusDefinitionSensors.m" permissions="010666" type="File"/>
  <fileEntry content="/fsroot/tasks/asbBusDefinitionStates.m" date="2023-11-04T06:23:48Z" name="/tasks/asbBusDefinitionStates.m" permissions="010666" type="File"/>
  <fileEntry content="/fsroot/tasks/asbEnumDefinition.m" date="2023-11-04T06:23:48Z" name="/tasks/asbEnumDefinition.m" permissions="010666" type="File"/>
  <fileEntry content="/fsroot/tasks/asbVariantDefinition.m" date="2023-11-04T06:23:48Z" name="/tasks/asbVariantDefinition.m" permissions="010666" type="File"/>
  <fileEntry content="/fsroot/tasks/commandVars.m" date="2023-11-04T06:23:48Z" name="/tasks/commandVars.m" permissions="010666" type="File"/>
  <fileEntry content="/fsroot/tasks/controllerVars.m" date="2023-11-04T06:23:48Z" name="/tasks/controllerVars.m" permissions="010666" type="File"/>
  <fileEntry content="/fsroot/tasks/estimatorVars.m" date="2023-11-04T06:23:48Z" name="/tasks/estimatorVars.m" permissions="010666" type="File"/>
  <fileEntry content="/fsroot/tasks/private/asbBusHeaderFile.p" date="2023-11-04T06:23:48Z" name="/tasks/private/asbBusHeaderFile.p" permissions="010666" type="File"/>
  <fileEntry content="/fsroot/tasks/sensorsVars.m" date="2023-11-04T06:23:48Z" name="/tasks/sensorsVars.m" permissions="010666" type="File"/>
  <fileEntry content="/fsroot/tasks/setGRTCodeGen.m" date="2023-11-04T06:23:48Z" name="/tasks/setGRTCodeGen.m" permissions="010666" type="File"/>
  <fileEntry content="/fsroot/tasks/setMamboModel.m" date="2023-11-04T06:23:48Z" name="/tasks/setMamboModel.m" permissions="010666" type="File"/>
  <fileEntry content="/fsroot/tasks/setPARROTCodeGen.m" date="2023-11-04T06:23:48Z" name="/tasks/setPARROTCodeGen.m" permissions="010666" type="File"/>
  <fileEntry content="/fsroot/tasks/setRollingSpiderModel.m" date="2023-11-04T06:23:48Z" name="/tasks/setRollingSpiderModel.m" permissions="010666" type="File"/>
  <fileEntry content="/fsroot/tasks/vehicleVars.m" date="2023-11-04T06:23:48Z" name="/tasks/vehicleVars.m" permissions="010666" type="File"/>
  <fileEntry content="/fsroot/tasks/visualizationFlightGearVars.m" date="2023-11-04T06:23:48Z" name="/tasks/visualizationFlightGearVars.m" permissions="010666" type="File"/>
  <fileEntry content="/fsroot/tests/runProjectTests.m" date="2023-11-04T06:23:48Z" name="/tests/runProjectTests.m" permissions="010666" type="File"/>
  <fileEntry content="/fsroot/utilities/cleanUpProject.m" date="2023-11-04T06:23:48Z" name="/utilities/cleanUpProject.m" permissions="010666" type="File"/>
  <fileEntry content="/fsroot/utilities/drone_track_builder.mlapp" date="2023-11-04T06:23:48Z" name="/utilities/drone_track_builder.mlapp" permissions="010666" type="File"/>
  <fileEntry content="/fsroot/utilities/generateFlightCode.m" date="2023-11-04T06:23:48Z" name="/utilities/generateFlightCode.m" permissions="010666" type="File"/>
  <fileEntry content="/fsroot/utilities/isParrotSupportPkgInstalled.p" date="2023-11-04T06:23:48Z" name="/utilities/isParrotSupportPkgInstalled.p" permissions="010666" type="File"/>
  <fileEntry content="/fsroot/utilities/openTrackBuilder.m" date="2023-11-04T06:23:48Z" name="/utilities/openTrackBuilder.m" permissions="010666" type="File"/>
  <fileEntry content="/fsroot/utilities/startVars.m" date="2023-11-04T06:23:48Z" name="/utilities/startVars.m" permissions="010666" type="File"/>
</fileEntries>
