<?xml version="1.0" encoding="UTF-8" standalone="no" ?><templateProperties><messageCatalogRoot></messageCatalogRoot><displayOrder>10</displayOrder><builtin>false</builtin><requiredProductList><requiredProduct>AA,IP,DO,XP,DPKG_FA,RF,ES,DPKG_CV,SB,PO,BD,IE,VT,ME,TE,NN,BS,PZ,RO,VN,RR,MR,SG,SL,RQ,SF</requiredProduct><requiredProduct>AE</requiredProduct><requiredProduct>AT</requiredProduct><requiredProduct>CT,ID</requiredProduct><requiredProduct>CT,MT,SO</requiredProduct><requiredProduct>DPKG_DR,DPKG_FA,DPKG_TF,DPKG_NV,DPKG_DM,DPKG_RQ,DPKG_CV,ML,DW,BD,BS,PZ</requiredProduct><requiredProduct>DPKG_FA,DPKG_TF,DPKG_DM,DPKG_RQ,DPKG_CV,DW,ML,BD,BS,PZ</requiredProduct><requiredProduct>DR,AE,PW,MB,VE,MT</requiredProduct><requiredProduct>ID,SD</requiredProduct><requiredProduct>IP</requiredProduct><requiredProduct>ME,SL</requiredProduct><requiredProduct>ML</requiredProduct><requiredProduct>PD,SD</requiredProduct><requiredProduct>PZ,ME,RO,XP,RR,SL,SF</requiredProduct><requiredProduct>RT</requiredProduct><requiredProduct>SD</requiredProduct><requiredProduct>SG</requiredProduct><requiredProduct>SL</requiredProduct><requiredProduct>SL,XP,SF</requiredProduct><requiredProduct>VP</requiredProduct><requiredProduct>VR</requiredProduct></requiredProductList></templateProperties>